{"cameraMode":{"drawMode":0,"name":"Shaded","section":"Shading Mode"},"sceneLighting":false,"audioPlay":false,"sceneViewState":{"showFog":true,"showMaterialUpdate":false,"showSkybox":false,"showFlares":true,"showImageEffects":true,"showParticleSystems":true,"showVisualEffectGraphs":true,"m_FxEnabled":true},"in2DMode":false,"pivot":{"x":0.2240111231803894,"y":0.5707570910453796,"z":-1.544008731842041},"rotation":{"x":-0.16770097613334657,"y":-0.12181028723716736,"z":0.020883576944470407,"w":-0.9780721068382263},"size":0.09716612100601196,"orthographic":false}