{"cameraMode":{"drawMode":0,"name":"Shaded","section":"Shading Mode"},"sceneLighting":true,"audioPlay":false,"sceneViewState":{"showFog":true,"showMaterialUpdate":false,"showSkybox":true,"showFlares":true,"showImageEffects":true,"showParticleSystems":true,"showVisualEffectGraphs":true,"m_FxEnabled":true},"in2DMode":false,"pivot":{"x":-3.0474495887756349,"y":0.3465800881385803,"z":-0.8773114085197449},"rotation":{"x":-0.07150841504335404,"y":0.6523762941360474,"z":-0.06203627213835716,"w":-0.7519702315330505},"size":2.6343915462493898,"orthographic":false}