{"cameraMode":{"drawMode":0,"name":"Shaded","section":"Shading Mode"},"sceneLighting":true,"audioPlay":false,"sceneViewState":{"showFog":true,"showMaterialUpdate":false,"showSkybox":true,"showFlares":true,"showImageEffects":true,"showParticleSystems":true,"showVisualEffectGraphs":true,"m_FxEnabled":true},"in2DMode":false,"pivot":{"x":-1.0557969808578492,"y":-4.571439743041992,"z":4.594175815582275},"rotation":{"x":-0.34650832414627077,"y":0.046966273337602618,"z":-0.017374049872159959,"w":-0.9367131590843201},"size":7.188089370727539,"orthographic":false}