{"cameraMode":{"drawMode":0,"name":"Shaded","section":"Shading Mode"},"sceneLighting":true,"audioPlay":false,"sceneViewState":{"showFog":true,"showMaterialUpdate":false,"showSkybox":true,"showFlares":true,"showImageEffects":true,"showParticleSystems":true,"showVisualEffectGraphs":true,"m_FxEnabled":true},"in2DMode":false,"pivot":{"x":-0.9364317655563355,"y":0.3371734023094177,"z":-0.30720633268356326},"rotation":{"x":-0.4636906385421753,"y":-0.3854885697364807,"z":0.23441483080387116,"w":-0.7626235485076904},"size":3.8177263736724855,"orthographic":false}