{"cameraMode":{"drawMode":0,"name":"Shaded","section":"Shading Mode"},"sceneLighting":true,"audioPlay":false,"sceneViewState":{"showFog":true,"showMaterialUpdate":false,"showSkybox":true,"showFlares":true,"showImageEffects":true,"showParticleSystems":true,"showVisualEffectGraphs":true,"m_FxEnabled":true},"in2DMode":false,"pivot":{"x":-0.22374379634857179,"y":-5.624599933624268,"z":10.047494888305664},"rotation":{"x":-0.25072112679481509,"y":0.05282328650355339,"z":-0.013705936260521412,"w":-0.9665318727493286},"size":8.784933090209961,"orthographic":false}